id,name,phone,email
1,Pallavi Iyer,+916000000001,pallavi.iyer1@chennaimail.com
2,Karan Iyer,+916000000002,karan.iyer2@bangaloremail.com
3,Gaurav Gupta,+916000000003,gaurav.gupta3@chennaimail.com
4,Isha Singh,+916000000004,isha.singh4@bangaloremail.com
5,Pallavi Malhotra,+916000000005,pallavi.malhotra5@punemail.com
6,Neha Rao,+916000000006,neha.rao6@punemail.com
7,Meera Joshi,+916000000007,meera.joshi7@bangaloremail.com
8,Isha Pillai,+916000000008,isha.pillai8@bangaloremail.com
9,Aditya Malhotra,+916000000009,aditya.malhotra9@bangaloremail.com
10,,+916000000010,nisha.reddy10@mumbaimail.com
11,Pooja Sharma,+916000000011,pooja.sharma11@punemail.com
12,Priya Gupta,+916000000012,priya.gupta12@delhimail.com
13,Swati Singh,+916000000013,swati.singh13@mumbaimail.com
14,Sanjay Gupta,+916000000014,sanjay.gupta14@delhimail.com
15,Isha Singh,+916000000015,isha.singh15@mumbaimail.com
16,Karan Iyer,+916000000016,karan.iyer16@punemail.com
17,Kavita Sharma,+916000000017,kavita.sharma17@bangaloremail.com
18,Swati Reddy,+916000000018,swati.reddy18@chennaimail.com
19,Manish Joshi,+916000000019,manish.joshi19@chennaimail.com
20,Priya Nair,+916000000020,priya.nair20@punemail.com
21,Priya Agarwal,+916000000021,priya.agarwal21@ahmedabadmail.com
22,Amit Kumar,+916000000022,amit.kumar22@mumbaimail.com
23,Karan Bhatt,+916000000023,karan.bhatt23@ahmedabadmail.com
24,Ritu Bhatt,+916000000024,ritu.bhatt24@punemail.com
25,Anjali Bhatt,+916000000025,anjali.bhatt25@bangaloremail.com
26,Pallavi Kapoor,+916000000026,pallavi.kapoor26@chennaimail.com
27,Sneha Rao,+916000000027,sneha.rao27@bangaloremail.com
28,Pallavi Verma,+916000000028,pallavi.verma28@punemail.com
29,Manish Iyer,+916000000029,manish.iyer29@bangaloremail.com
30,Nikhil Agarwal,+916000000030,nikhil.agarwal30@chennaimail.com
31,Vikram Desai,+916000000031,vikram.desai31@bangaloremail.com
32,Varun Kumar,+916000000032,varun.kumar32@delhimail.com
33,,+916000000033,deepak.bhatt33@ahmedabadmail.com
34,Nikhil Sharma,+916000000034,nikhil.sharma34@chennaimail.com
35,Vikram Desai,+916000000035,vikram.desai35@punemail.com
36,Isha Chauhan,+916000000036,isha.chauhan36@punemail.com
37,Pallavi Kapoor,+916000000037,pallavi.kapoor37@chennaimail.com
38,Ananya Singh,+916000000038,ananya.singh38@mumbaimail.com
39,Shreya Joshi,+916000000039,shreya.joshi39@delhimail.com
40,Kavita Bhatt,+916000000040,kavita.bhatt40@delhimail.com
41,Nisha Malhotra,+916000000041,nisha.malhotra41@punemail.com
42,Gaurav Gupta,+916000000042,gaurav.gupta42@delhimail.com
43,Isha Rao,+916000000043,isha.rao43@mumbaimail.com
44,Nikhil Joshi,+916000000044,nikhil.joshi44@chennaimail.com
45,Divya Nair,+916000000045,divya.nair45@chennaimail.com
46,Swati Iyer,+916000000046,swati.iyer46@delhimail.com
47,Priya Reddy,+916000000047,priya.reddy47@ahmedabadmail.com
48,Meera Iyer,+916000000048,meera.iyer48@mumbaimail.com
49,Ananya Patel,+916000000049,ananya.patel49@bangaloremail.com
50,Divya Pillai,+916000000050,divya.pillai50@chennaimail.com
51,Rohan Sharma,+916000000051,rohan.sharma51@ahmedabadmail.com
52,Neha Gupta,+916000000052,neha.gupta52@ahmedabadmail.com
53,Sneha Iyer,+916000000053,sneha.iyer53@ahmedabadmail.com
54,Deepak Bhatt,+916000000054,deepak.bhatt54@punemail.com
55,Sneha Malhotra,+916000000055,sneha.malhotra55@delhimail.com
56,Ananya Desai,+916000000056,ananya.desai56@punemail.com
57,Arjun Rao,+916000000057,arjun.rao57@ahmedabadmail.com
58,Varun Pillai,+916000000058,varun.pillai58@punemail.com
59,Pallavi Nair,+916000000059,pallavi.nair59@punemail.com
60,Isha Pillai,+916000000060,isha.pillai60@punemail.com
61,Vikram Iyer,invalid-phone,vikram.iyer61@chennaimail.com
62,Priya Kumar,+916000000062,priya.kumar62@mumbaimail.com
63,Isha Pillai,+916000000063,isha.pillai63@ahmedabadmail.com
64,Priya Reddy,+916000000064,priya.reddy64@delhimail.com
65,Nisha Chauhan,+916000000065,nisha.chauhan65@ahmedabadmail.com
66,Suresh Gupta,+916000000066,suresh.gupta66@bangaloremail.com
67,Nisha Gupta,+916000000067,not-an-email
68,Pooja Desai,+916000000068,pooja.desai68@mumbaimail.com
69,Pallavi Chauhan,+916000000069,pallavi.chauhan69@delhimail.com
70,Ritu Sharma,+916000000070,ritu.sharma70@bangaloremail.com
71,Vikram Malhotra,+916000000071,vikram.malhotra71@mumbaimail.com
72,Arjun Sharma,+916000000072,arjun.sharma72@bangaloremail.com
73,Priya Verma,+916000000073,priya.verma73@ahmedabadmail.com
74,Karan Nair,+916000000074,karan.nair74@mumbaimail.com
75,Shreya Pillai,+916000000075,shreya.pillai75@punemail.com
76,Sanjay Pillai,+916000000076,sanjay.pillai76@bangaloremail.com
77,Karan Malhotra,+916000000077,karan.malhotra77@punemail.com
78,Aditya Sharma,+916000000078,aditya.sharma78@punemail.com
79,Rajesh Nair,+916000000079,rajesh.nair79@punemail.com
80,Anjali Iyer,+916000000080,anjali.iyer80@bangaloremail.com
81,Neha Nair,+916000000081,neha.nair81@ahmedabadmail.com
82,Isha Mehta,+916000000082,isha.mehta82@chennaimail.com
83,Sanjay Nair,+916000000083,sanjay.nair83@bangaloremail.com
84,Isha Singh,+916000000084,isha.singh84@ahmedabadmail.com
85,Suresh Gupta,+916000000085,suresh.gupta85@delhimail.com
86,Pallavi Sharma,+916000000086,pallavi.sharma86@punemail.com
87,Anjali Shah,+916000000087,anjali.shah87@mumbaimail.com
88,Ritu Verma,+916000000088,ritu.verma88@bangaloremail.com
89,Isha Chauhan,+916000000089,isha.chauhan89@delhimail.com
90,Aditya Singh,+916000000090,aditya.singh90@ahmedabadmail.com
91,Pooja Shah,+916000000091,pooja.shah91@mumbaimail.com
92,Karan Agarwal,+916000000092,karan.agarwal92@delhimail.com
93,Pooja Malhotra,+916000000093,pooja.malhotra93@ahmedabadmail.com
94,Amit Desai,+916000000094,amit.desai94@punemail.com
95,Pooja Malhotra,+916000000095,pooja.malhotra95@punemail.com
96,Anjali Gupta,+916000000096,anjali.gupta96@ahmedabadmail.com
97,Pooja Pillai,+916000000097,pooja.pillai97@delhimail.com
98,Priya Iyer,+916000000098,priya.iyer98@ahmedabadmail.com
99,Vikram Patel,+916000000099,vikram.patel99@chennaimail.com
100,Meera Sharma,+916000000100,meera.sharma100@delhimail.com
101,Pallavi Bhatt,+916000000101,pallavi.bhatt101@punemail.com
102,Varun Kapoor,+916000000102,varun.kapoor102@delhimail.com
103,Swati Malhotra,+916000000103,swati.malhotra103@mumbaimail.com
104,Karan Mehta,+916000000104,karan.mehta104@delhimail.com
105,Divya Chauhan,+916000000105,divya.chauhan105@punemail.com
106,Divya Bhatt,+916000000106,divya.bhatt106@chennaimail.com
107,Deepak Gupta,+916000000107,deepak.gupta107@mumbaimail.com
108,Arjun Nair,+916000000108,arjun.nair108@bangaloremail.com
109,Amit Chauhan,+916000000109,amit.chauhan109@chennaimail.com
110,Neha Iyer,+916000000110,neha.iyer110@delhimail.com
111,Priya Bhatt,+916000000111,priya.bhatt111@bangaloremail.com
112,Isha Chauhan,+916000000112,isha.chauhan112@bangaloremail.com
113,Vikram Malhotra,+916000000113,vikram.malhotra113@punemail.com
114,Isha Malhotra,+916000000114,isha.malhotra114@chennaimail.com
115,Aditya Singh,+916000000115,aditya.singh115@mumbaimail.com
116,Sneha Reddy,+916000000116,sneha.reddy116@bangaloremail.com
117,Aditya Verma,+916000000117,aditya.verma117@ahmedabadmail.com
118,Arjun Malhotra,+916000000118,arjun.malhotra118@bangaloremail.com
119,Amit Reddy,+916000000119,amit.reddy119@punemail.com
120,Anjali Rao,+916000000120,anjali.rao120@chennaimail.com
121,Kavita Sharma,+916000000121,kavita.sharma121@delhimail.com
122,Nisha Pillai,+916000000122,nisha.pillai122@punemail.com
123,Pallavi Rao,+916000000123,pallavi.rao123@chennaimail.com
124,Divya Verma,+916000000124,divya.verma124@delhimail.com
125,Varun Mehta,+916000000125,varun.mehta125@delhimail.com
126,Pallavi Chauhan,+916000000126,pallavi.chauhan126@mumbaimail.com
127,Aditya Agarwal,+916000000127,aditya.agarwal127@delhimail.com
128,Amit Patel,+916000000128,amit.patel128@punemail.com
129,Isha Bhatt,+916000000129,isha.bhatt129@ahmedabadmail.com
130,Manish Nair,+916000000130,manish.nair130@chennaimail.com
131,Gaurav Mehta,+916000000131,gaurav.mehta131@ahmedabadmail.com
132,Pooja Kumar,+916000000132,pooja.kumar132@chennaimail.com
133,Amit Chauhan,+916000000133,amit.chauhan133@mumbaimail.com
134,Rohan Malhotra,+916000000134,rohan.malhotra134@bangaloremail.com
135,Isha Desai,+916000000135,isha.desai135@mumbaimail.com
136,Arjun Joshi,+916000000136,arjun.joshi136@bangaloremail.com
137,Ritu Gupta,+916000000137,ritu.gupta137@delhimail.com
138,Amit Shah,+916000000138,amit.shah138@chennaimail.com
139,Sneha Singh,+916000000139,sneha.singh139@chennaimail.com
140,Arjun Shah,+916000000140,arjun.shah140@ahmedabadmail.com
141,Rohan Gupta,+916000000141,rohan.gupta141@mumbaimail.com
142,Varun Kapoor,+916000000142,varun.kapoor142@mumbaimail.com
143,Pooja Agarwal,+916000000143,pooja.agarwal143@delhimail.com
144,Sneha Pillai,+916000000144,sneha.pillai144@chennaimail.com
145,Kavita Joshi,+916000000145,kavita.joshi145@bangaloremail.com
146,Suresh Shah,+916000000146,suresh.shah146@delhimail.com
147,Rohan Desai,+916000000147,rohan.desai147@bangaloremail.com
148,Isha Mehta,+916000000148,isha.mehta148@bangaloremail.com
149,Neha Reddy,+916000000149,neha.reddy149@delhimail.com
150,Ritu Joshi,+916000000150,ritu.joshi150@punemail.com
151,Ritu Malhotra,+916000000151,ritu.malhotra151@chennaimail.com
152,Rajesh Desai,+916000000152,rajesh.desai152@punemail.com
153,Sanjay Malhotra,+916000000153,sanjay.malhotra153@bangaloremail.com
154,Arjun Rao,+916000000154,arjun.rao154@ahmedabadmail.com
155,Vikram Joshi,+916000000155,vikram.joshi155@ahmedabadmail.com
156,Anjali Nair,+916000000156,anjali.nair156@chennaimail.com
157,Nikhil Gupta,+916000000157,nikhil.gupta157@ahmedabadmail.com
158,Pooja Agarwal,+916000000158,pooja.agarwal158@bangaloremail.com
159,Rohan Rao,+916000000159,rohan.rao159@punemail.com
160,Rohan Rao,+916000000160,rohan.rao160@ahmedabadmail.com
161,Aditya Desai,+916000000161,aditya.desai161@chennaimail.com
162,Meera Desai,+916000000162,meera.desai162@delhimail.com
163,Varun Kapoor,+916000000163,varun.kapoor163@chennaimail.com
164,Pooja Kumar,+916000000164,pooja.kumar164@chennaimail.com
165,Neha Reddy,+916000000165,neha.reddy165@mumbaimail.com
166,Karan Desai,+916000000166,karan.desai166@punemail.com
167,Priya Singh,+916000000167,priya.singh167@mumbaimail.com
168,Anjali Shah,+916000000168,anjali.shah168@chennaimail.com
169,Sanjay Iyer,+916000000169,sanjay.iyer169@mumbaimail.com
170,Sanjay Kumar,+916000000170,sanjay.kumar170@chennaimail.com
171,Pooja Agarwal,+916000000171,pooja.agarwal171@delhimail.com
172,Vikram Desai,+916000000172,vikram.desai172@mumbaimail.com
173,Amit Agarwal,+916000000173,amit.agarwal173@delhimail.com
174,Neha Rao,+916000000174,neha.rao174@punemail.com
175,Isha Pillai,+916000000175,isha.pillai175@punemail.com
176,Deepak Iyer,+916000000176,deepak.iyer176@chennaimail.com
177,Anjali Sharma,+916000000177,anjali.sharma177@bangaloremail.com
178,Kavita Mehta,+916000000178,kavita.mehta178@mumbaimail.com
179,Isha Shah,+916000000179,not-an-email
180,Anjali Reddy,+916000000180,anjali.reddy180@punemail.com
181,Rahul Shah,+916000000181,rahul.shah181@chennaimail.com
182,Ritu Shah,+916000000182,ritu.shah182@mumbaimail.com
183,Shreya Pillai,+916000000183,shreya.pillai183@mumbaimail.com
184,Divya Kapoor,+916000000184,divya.kapoor184@ahmedabadmail.com
185,Rohan Rao,+916000000185,rohan.rao185@ahmedabadmail.com
186,Anjali Mehta,+916000000186,anjali.mehta186@mumbaimail.com
187,Rohan Joshi,+916000000187,rohan.joshi187@delhimail.com
188,Sanjay Joshi,+916000000188,sanjay.joshi188@chennaimail.com
189,Sneha Kumar,+916000000189,sneha.kumar189@punemail.com
190,Arjun Agarwal,+916000000190,arjun.agarwal190@chennaimail.com
191,Pallavi Pillai,+916000000191,pallavi.pillai191@chennaimail.com
192,Rohan Malhotra,+916000000192,rohan.malhotra192@mumbaimail.com
193,Priya Nair,+916000000193,priya.nair193@ahmedabadmail.com
194,Priya Patel,+916000000194,priya.patel194@bangaloremail.com
195,Pallavi Verma,+916000000195,pallavi.verma195@ahmedabadmail.com
196,Pallavi Reddy,+916000000196,pallavi.reddy196@punemail.com
197,Deepak Nair,+916000000197,deepak.nair197@mumbaimail.com
198,Arjun Agarwal,+916000000198,arjun.agarwal198@ahmedabadmail.com
199,Aditya Kapoor,+916000000199,aditya.kapoor199@delhimail.com
200,Sanjay Chauhan,+916000000200,sanjay.chauhan200@mumbaimail.com
201,Arjun Malhotra,+916000000201,arjun.malhotra201@delhimail.com
202,Isha Verma,+916000000202,isha.verma202@punemail.com
203,Meera Kapoor,+916000000203,meera.kapoor203@chennaimail.com
204,Sanjay Patel,+916000000204,sanjay.patel204@ahmedabadmail.com
205,Nikhil Iyer,+916000000205,nikhil.iyer205@chennaimail.com
206,Suresh Pillai,+916000000206,suresh.pillai206@chennaimail.com
207,Suresh Shah,+916000000207,suresh.shah207@bangaloremail.com
208,Arjun Sharma,+916000000208,arjun.sharma208@bangaloremail.com
209,Manish Nair,+916000000209,manish.nair209@delhimail.com
210,Neha Agarwal,+916000000210,neha.agarwal210@delhimail.com
211,Kavita Shah,+916000000211,kavita.shah211@ahmedabadmail.com
212,Vikram Patel,+916000000212,vikram.patel212@punemail.com
213,Anjali Joshi,+916000000213,anjali.joshi213@chennaimail.com
214,Priya Agarwal,+916000000214,not-an-email
215,Gaurav Sharma,+916000000215,gaurav.sharma215@punemail.com
216,Nikhil Sharma,+916000000216,nikhil.sharma216@mumbaimail.com
217,Gaurav Reddy,+916000000217,gaurav.reddy217@ahmedabadmail.com
218,Arjun Nair,+916000000218,arjun.nair218@mumbaimail.com
219,Arjun Reddy,+916000000219,arjun.reddy219@punemail.com
220,,+916000000220,divya.chauhan220@chennaimail.com
221,Swati Chauhan,+916000000221,swati.chauhan221@delhimail.com
222,Sanjay Rao,+916000000222,sanjay.rao222@mumbaimail.com
223,Sanjay Agarwal,invalid-phone,sanjay.agarwal223@delhimail.com
224,Rajesh Singh,+916000000224,rajesh.singh224@mumbaimail.com
225,Karan Gupta,+916000000225,karan.gupta225@ahmedabadmail.com
226,Divya Kapoor,+916000000226,divya.kapoor226@bangaloremail.com
227,Swati Kapoor,+916000000227,swati.kapoor227@mumbaimail.com
228,Kavita Desai,+916000000228,kavita.desai228@delhimail.com
229,Karan Mehta,+916000000229,karan.mehta229@bangaloremail.com
230,Pooja Rao,+916000000230,pooja.rao230@bangaloremail.com
231,Rajesh Singh,+916000000231,rajesh.singh231@punemail.com
232,Anjali Pillai,+916000000232,anjali.pillai232@bangaloremail.com
233,Gaurav Malhotra,+916000000233,gaurav.malhotra233@chennaimail.com
234,Shreya Kumar,+916000000234,shreya.kumar234@punemail.com
235,Varun Verma,+916000000235,varun.verma235@ahmedabadmail.com
236,Sanjay Rao,+916000000236,sanjay.rao236@mumbaimail.com
237,Deepak Shah,+916000000237,deepak.shah237@ahmedabadmail.com
238,Neha Reddy,+916000000238,neha.reddy238@ahmedabadmail.com
239,Amit Kapoor,+916000000239,amit.kapoor239@mumbaimail.com
240,Nikhil Reddy,+916000000240,nikhil.reddy240@chennaimail.com
241,Pooja Shah,+916000000241,pooja.shah241@delhimail.com
242,Aditya Patel,+916000000242,aditya.patel242@ahmedabadmail.com
243,Gaurav Nair,+916000000243,gaurav.nair243@delhimail.com
244,Nikhil Desai,+916000000244,nikhil.desai244@ahmedabadmail.com
245,Anjali Desai,+916000000245,anjali.desai245@mumbaimail.com
246,Ritu Gupta,+916000000246,ritu.gupta246@mumbaimail.com
247,Kavita Iyer,+916000000247,kavita.iyer247@bangaloremail.com
248,Deepak Singh,+916000000248,deepak.singh248@punemail.com
249,Suresh Agarwal,+916000000249,suresh.agarwal249@chennaimail.com
250,Isha Reddy,+916000000250,isha.reddy250@delhimail.com
251,Karan Singh,+916000000251,karan.singh251@bangaloremail.com
252,Amit Sharma,+916000000252,amit.sharma252@ahmedabadmail.com
253,Swati Shah,+916000000253,swati.shah253@ahmedabadmail.com
254,Sanjay Joshi,+916000000254,sanjay.joshi254@bangaloremail.com
255,Pooja Patel,+916000000255,pooja.patel255@bangaloremail.com
256,Vikram Malhotra,+916000000256,vikram.malhotra256@chennaimail.com
257,Pooja Rao,+916000000257,pooja.rao257@delhimail.com
258,Pallavi Patel,+916000000258,pallavi.patel258@mumbaimail.com
259,Pooja Reddy,+916000000259,pooja.reddy259@mumbaimail.com
260,Amit Kapoor,+916000000260,amit.kapoor260@punemail.com
261,Sanjay Rao,+916000000261,sanjay.rao261@ahmedabadmail.com
262,Ritu Rao,+916000000262,ritu.rao262@mumbaimail.com
263,Rajesh Mehta,+916000000263,rajesh.mehta263@delhimail.com
264,Divya Verma,+916000000264,divya.verma264@bangaloremail.com
265,Pooja Agarwal,+916000000265,pooja.agarwal265@mumbaimail.com
266,Manish Rao,+916000000266,manish.rao266@delhimail.com
267,Deepak Kapoor,+916000000267,deepak.kapoor267@punemail.com
268,Aditya Agarwal,+916000000268,aditya.agarwal268@punemail.com
269,Karan Bhatt,+916000000269,karan.bhatt269@bangaloremail.com
270,Amit Pillai,+916000000270,amit.pillai270@punemail.com
271,Varun Kumar,+916000000271,varun.kumar271@ahmedabadmail.com
272,Sanjay Kapoor,+916000000272,sanjay.kapoor272@ahmedabadmail.com
273,Arjun Joshi,+916000000273,arjun.joshi273@ahmedabadmail.com
274,Karan Malhotra,+916000000274,karan.malhotra274@punemail.com
275,Amit Iyer,+916000000275,amit.iyer275@mumbaimail.com
276,Ritu Rao,+916000000276,ritu.rao276@delhimail.com
277,Sanjay Malhotra,+916000000277,sanjay.malhotra277@ahmedabadmail.com
278,Deepak Rao,+916000000278,deepak.rao278@bangaloremail.com
279,Isha Pillai,+916000000279,isha.pillai279@bangaloremail.com
280,Sneha Chauhan,+916000000280,sneha.chauhan280@delhimail.com
281,,+916000000281,arjun.iyer281@chennaimail.com
282,Swati Rao,+916000000282,swati.rao282@punemail.com
283,Amit Singh,+916000000283,amit.singh283@ahmedabadmail.com
284,Karan Nair,+916000000284,karan.nair284@chennaimail.com
285,Nisha Mehta,+916000000285,nisha.mehta285@ahmedabadmail.com
286,Karan Verma,+916000000286,karan.verma286@mumbaimail.com
287,Karan Agarwal,+916000000287,karan.agarwal287@ahmedabadmail.com
288,Sanjay Nair,+916000000288,sanjay.nair288@mumbaimail.com
289,Ritu Bhatt,+916000000289,ritu.bhatt289@ahmedabadmail.com
290,Karan Desai,+916000000290,karan.desai290@bangaloremail.com
291,Divya Agarwal,+916000000291,divya.agarwal291@punemail.com
292,Sneha Gupta,+916000000292,sneha.gupta292@punemail.com
293,Sanjay Nair,+916000000293,sanjay.nair293@punemail.com
294,Ritu Shah,+916000000294,ritu.shah294@punemail.com
295,Anjali Kapoor,+916000000295,anjali.kapoor295@bangaloremail.com
296,Gaurav Rao,+916000000296,gaurav.rao296@ahmedabadmail.com
297,Pallavi Agarwal,+916000000297,pallavi.agarwal297@punemail.com
298,Nisha Mehta,+916000000298,nisha.mehta298@chennaimail.com
299,Rahul Joshi,+916000000299,rahul.joshi299@ahmedabadmail.com
300,Shreya Iyer,+916000000300,shreya.iyer300@delhimail.com
301,Meera Mehta,+916000000301,meera.mehta301@mumbaimail.com
302,Ritu Rao,+916000000302,ritu.rao302@punemail.com
303,Ritu Agarwal,+916000000303,ritu.agarwal303@mumbaimail.com
304,Rahul Joshi,+916000000304,rahul.joshi304@punemail.com
305,Pooja Malhotra,+916000000305,pooja.malhotra305@bangaloremail.com
306,Amit Sharma,+916000000306,amit.sharma306@mumbaimail.com
307,Neha Pillai,+916000000307,neha.pillai307@ahmedabadmail.com
308,Neha Iyer,+916000000308,neha.iyer308@chennaimail.com
309,Deepak Rao,+916000000309,deepak.rao309@punemail.com
310,Anjali Mehta,+916000000310,anjali.mehta310@mumbaimail.com
311,Sanjay Kumar,+916000000311,sanjay.kumar311@delhimail.com
312,Kavita Agarwal,+916000000312,kavita.agarwal312@ahmedabadmail.com
313,Swati Kumar,+916000000313,swati.kumar313@ahmedabadmail.com
314,Manish Malhotra,+916000000314,manish.malhotra314@delhimail.com
315,Divya Agarwal,+916000000315,divya.agarwal315@bangaloremail.com
316,Kavita Sharma,+916000000316,kavita.sharma316@ahmedabadmail.com
317,Sanjay Pillai,+916000000317,sanjay.pillai317@mumbaimail.com
318,Karan Agarwal,+916000000318,karan.agarwal318@bangaloremail.com
319,Arjun Singh,+916000000319,arjun.singh319@bangaloremail.com
320,Karan Chauhan,+916000000320,karan.chauhan320@delhimail.com
321,Gaurav Nair,+916000000321,gaurav.nair321@bangaloremail.com
322,Rajesh Singh,+916000000322,rajesh.singh322@ahmedabadmail.com
323,Pallavi Pillai,+916000000323,pallavi.pillai323@bangaloremail.com
324,Deepak Gupta,+916000000324,deepak.gupta324@bangaloremail.com
325,Anjali Mehta,+916000000325,anjali.mehta325@delhimail.com
326,Nisha Iyer,+916000000326,nisha.iyer326@ahmedabadmail.com
327,Shreya Pillai,+916000000327,shreya.pillai327@mumbaimail.com
328,Manish Pillai,+916000000328,manish.pillai328@bangaloremail.com
329,Neha Desai,+916000000329,neha.desai329@mumbaimail.com
330,Neha Joshi,+916000000330,neha.joshi330@ahmedabadmail.com
331,Sneha Joshi,+916000000331,sneha.joshi331@delhimail.com
332,Shreya Singh,+916000000332,shreya.singh332@punemail.com
333,Karan Chauhan,+916000000333,karan.chauhan333@punemail.com
334,Amit Gupta,+916000000334,amit.gupta334@punemail.com
335,Karan Pillai,+916000000335,karan.pillai335@punemail.com
336,Isha Shah,+916000000336,isha.shah336@ahmedabadmail.com
337,Karan Shah,+916000000337,karan.shah337@delhimail.com
338,Neha Reddy,+916000000338,neha.reddy338@chennaimail.com
339,Suresh Nair,+916000000339,suresh.nair339@bangaloremail.com
340,Rohan Mehta,+916000000340,rohan.mehta340@punemail.com
341,Amit Gupta,+916000000341,amit.gupta341@delhimail.com
342,Ananya Desai,+916000000342,ananya.desai342@punemail.com
343,Meera Joshi,+916000000343,meera.joshi343@punemail.com
344,Suresh Reddy,+916000000344,suresh.reddy344@ahmedabadmail.com
345,Priya Chauhan,+916000000345,priya.chauhan345@ahmedabadmail.com
346,Rahul Kapoor,+916000000346,rahul.kapoor346@delhimail.com
347,Amit Chauhan,+916000000347,amit.chauhan347@chennaimail.com
348,Priya Verma,+916000000348,priya.verma348@ahmedabadmail.com
349,Amit Singh,+916000000349,amit.singh349@bangaloremail.com
350,Kavita Malhotra,+916000000350,kavita.malhotra350@mumbaimail.com
351,Divya Rao,+916000000351,divya.rao351@punemail.com
352,Manish Bhatt,+916000000352,manish.bhatt352@punemail.com
353,Priya Nair,+916000000353,priya.nair353@ahmedabadmail.com
354,Varun Kumar,+916000000354,varun.kumar354@punemail.com
355,Varun Nair,+916000000355,varun.nair355@chennaimail.com
356,Priya Shah,+916000000356,priya.shah356@ahmedabadmail.com
357,Gaurav Joshi,+916000000357,gaurav.joshi357@delhimail.com
358,Kavita Shah,+916000000358,kavita.shah358@chennaimail.com
359,Nikhil Rao,+916000000359,nikhil.rao359@chennaimail.com
360,Arjun Malhotra,+916000000360,arjun.malhotra360@punemail.com
361,Kavita Kumar,+916000000361,kavita.kumar361@mumbaimail.com
362,Meera Chauhan,+916000000362,meera.chauhan362@delhimail.com
363,Rajesh Nair,+916000000363,rajesh.nair363@ahmedabadmail.com
364,Ananya Mehta,+916000000364,ananya.mehta364@punemail.com
365,Kavita Nair,+916000000365,kavita.nair365@ahmedabadmail.com
366,Varun Kapoor,+916000000366,varun.kapoor366@delhimail.com
367,Anjali Verma,+916000000367,anjali.verma367@chennaimail.com
368,Pooja Desai,+916000000368,pooja.desai368@ahmedabadmail.com
369,Sanjay Shah,+916000000369,sanjay.shah369@ahmedabadmail.com
370,Aditya Desai,+916000000370,aditya.desai370@punemail.com
371,Rajesh Gupta,+916000000371,rajesh.gupta371@mumbaimail.com
372,Manish Desai,+916000000372,manish.desai372@chennaimail.com
373,Ritu Agarwal,+916000000373,ritu.agarwal373@delhimail.com
374,Rahul Desai,+916000000374,rahul.desai374@mumbaimail.com
375,Rohan Reddy,+916000000375,not-an-email
376,,+916000000376,aditya.singh376@chennaimail.com
377,Karan Rao,+916000000377,karan.rao377@ahmedabadmail.com
378,Neha Agarwal,+916000000378,neha.agarwal378@ahmedabadmail.com
379,Kavita Iyer,+916000000379,kavita.iyer379@chennaimail.com
380,Sneha Iyer,+916000000380,sneha.iyer380@ahmedabadmail.com
381,Ritu Chauhan,+916000000381,ritu.chauhan381@delhimail.com
382,Rahul Mehta,+916000000382,rahul.mehta382@delhimail.com
383,Manish Nair,+916000000383,manish.nair383@ahmedabadmail.com
384,Vikram Agarwal,+916000000384,vikram.agarwal384@chennaimail.com
385,Rajesh Iyer,+916000000385,rajesh.iyer385@bangaloremail.com
386,Kavita Agarwal,+916000000386,kavita.agarwal386@ahmedabadmail.com
387,Amit Joshi,+916000000387,amit.joshi387@chennaimail.com
388,Kavita Chauhan,+916000000388,kavita.chauhan388@chennaimail.com
389,Isha Iyer,+916000000389,isha.iyer389@bangaloremail.com
390,Gaurav Rao,+916000000390,gaurav.rao390@punemail.com
391,Manish Patel,+916000000391,manish.patel391@ahmedabadmail.com
392,Divya Agarwal,+916000000392,divya.agarwal392@punemail.com
393,Rohan Malhotra,+916000000393,rohan.malhotra393@bangaloremail.com
394,Pooja Shah,+916000000394,pooja.shah394@ahmedabadmail.com
395,Pooja Rao,+916000000395,pooja.rao395@chennaimail.com
396,Priya Singh,+916000000396,priya.singh396@ahmedabadmail.com
397,Rahul Pillai,+916000000397,rahul.pillai397@bangaloremail.com
398,Amit Nair,+916000000398,amit.nair398@chennaimail.com
399,Anjali Patel,+916000000399,anjali.patel399@mumbaimail.com
400,Swati Desai,+916000000400,swati.desai400@bangaloremail.com
401,Pooja Desai,+916000000401,pooja.desai401@punemail.com
402,Neha Chauhan,+916000000402,neha.chauhan402@mumbaimail.com
403,Aditya Nair,+916000000403,aditya.nair403@delhimail.com
404,Anjali Reddy,+916000000404,anjali.reddy404@ahmedabadmail.com
405,Nikhil Malhotra,+916000000405,nikhil.malhotra405@mumbaimail.com
406,Priya Bhatt,+916000000406,priya.bhatt406@bangaloremail.com
407,Ritu Bhatt,+916000000407,ritu.bhatt407@ahmedabadmail.com
408,Pooja Malhotra,+916000000408,pooja.malhotra408@bangaloremail.com
409,Pooja Gupta,+916000000409,pooja.gupta409@bangaloremail.com
410,Sneha Bhatt,+916000000410,sneha.bhatt410@bangaloremail.com
411,Nisha Pillai,+916000000411,nisha.pillai411@chennaimail.com
412,Ritu Malhotra,+916000000412,ritu.malhotra412@mumbaimail.com
413,Nikhil Mehta,+916000000413,nikhil.mehta413@ahmedabadmail.com
414,Aditya Bhatt,+916000000414,aditya.bhatt414@ahmedabadmail.com
415,Karan Malhotra,+916000000415,karan.malhotra415@ahmedabadmail.com
416,Amit Malhotra,+916000000416,amit.malhotra416@chennaimail.com
417,Ananya Singh,+916000000417,ananya.singh417@delhimail.com
418,Sneha Rao,+916000000418,sneha.rao418@ahmedabadmail.com
419,Nikhil Malhotra,+916000000419,nikhil.malhotra419@bangaloremail.com
420,Priya Bhatt,+916000000420,priya.bhatt420@delhimail.com
421,Vikram Rao,+916000000421,vikram.rao421@bangaloremail.com
422,Rohan Chauhan,+916000000422,rohan.chauhan422@mumbaimail.com
423,Suresh Reddy,invalid-phone,suresh.reddy423@ahmedabadmail.com
424,Sneha Singh,+916000000424,sneha.singh424@ahmedabadmail.com
425,Suresh Shah,+916000000425,suresh.shah425@delhimail.com
426,Kavita Chauhan,+916000000426,kavita.chauhan426@mumbaimail.com
427,Sneha Malhotra,+916000000427,sneha.malhotra427@mumbaimail.com
428,Divya Iyer,+916000000428,divya.iyer428@mumbaimail.com
429,Rajesh Rao,+916000000429,rajesh.rao429@delhimail.com
430,Shreya Joshi,+916000000430,shreya.joshi430@bangaloremail.com
431,Deepak Malhotra,+916000000431,deepak.malhotra431@ahmedabadmail.com
432,Anjali Malhotra,+916000000432,anjali.malhotra432@chennaimail.com
433,Nisha Singh,+916000000433,nisha.singh433@chennaimail.com
434,Nisha Joshi,+916000000434,nisha.joshi434@chennaimail.com
435,Meera Pillai,+916000000435,meera.pillai435@ahmedabadmail.com
436,Swati Kapoor,+916000000436,swati.kapoor436@chennaimail.com
437,Varun Kumar,+916000000437,varun.kumar437@mumbaimail.com
438,Priya Verma,+916000000438,priya.verma438@mumbaimail.com
439,Vikram Agarwal,+916000000439,vikram.agarwal439@chennaimail.com
440,Rajesh Iyer,+916000000440,rajesh.iyer440@ahmedabadmail.com
441,Vikram Rao,+916000000441,vikram.rao441@mumbaimail.com
442,Priya Kapoor,+916000000442,priya.kapoor442@punemail.com
443,Pooja Pillai,invalid-phone,pooja.pillai443@delhimail.com
444,Pooja Iyer,+916000000444,pooja.iyer444@bangaloremail.com
445,Pallavi Iyer,+916000000445,pallavi.iyer445@mumbaimail.com
446,Sanjay Malhotra,+916000000446,sanjay.malhotra446@ahmedabadmail.com
447,Meera Joshi,+916000000447,meera.joshi447@ahmedabadmail.com
448,Gaurav Sharma,+916000000448,gaurav.sharma448@chennaimail.com
449,Rohan Mehta,+916000000449,rohan.mehta449@mumbaimail.com
450,Vikram Gupta,+916000000450,vikram.gupta450@delhimail.com
451,Shreya Joshi,+916000000451,shreya.joshi451@chennaimail.com
452,Aditya Malhotra,+916000000452,aditya.malhotra452@punemail.com
453,Priya Reddy,+916000000453,priya.reddy453@delhimail.com
454,,+916000000454,varun.patel454@punemail.com
455,Ritu Nair,+916000000455,ritu.nair455@ahmedabadmail.com
456,Varun Desai,+916000000456,varun.desai456@bangaloremail.com
457,Divya Agarwal,+916000000457,divya.agarwal457@bangaloremail.com
458,Ritu Desai,+916000000458,ritu.desai458@chennaimail.com
459,Kavita Reddy,+916000000459,kavita.reddy459@ahmedabadmail.com
460,Vikram Kapoor,+916000000460,vikram.kapoor460@punemail.com
461,Sanjay Desai,+916000000461,sanjay.desai461@punemail.com
462,Nisha Kumar,+916000000462,nisha.kumar462@delhimail.com
463,Anjali Bhatt,+916000000463,anjali.bhatt463@punemail.com
464,Neha Singh,+916000000464,neha.singh464@chennaimail.com
465,Rohan Pillai,+916000000465,rohan.pillai465@bangaloremail.com
466,Pallavi Desai,+916000000466,pallavi.desai466@delhimail.com
467,Isha Verma,+916000000467,isha.verma467@mumbaimail.com
468,Rohan Kumar,+916000000468,rohan.kumar468@bangaloremail.com
469,Amit Mehta,+916000000469,amit.mehta469@chennaimail.com
470,Nisha Nair,+916000000470,nisha.nair470@bangaloremail.com
471,Arjun Sharma,+916000000471,arjun.sharma471@punemail.com
472,Anjali Sharma,+916000000472,anjali.sharma472@chennaimail.com
473,Aditya Joshi,+916000000473,aditya.joshi473@punemail.com
474,Vikram Rao,+916000000474,vikram.rao474@mumbaimail.com
475,Neha Sharma,+916000000475,neha.sharma475@chennaimail.com
476,Neha Desai,+916000000476,neha.desai476@mumbaimail.com
477,Meera Singh,+916000000477,meera.singh477@punemail.com
478,Isha Bhatt,+916000000478,isha.bhatt478@ahmedabadmail.com
479,Swati Shah,+916000000479,swati.shah479@chennaimail.com
480,Shreya Pillai,+916000000480,shreya.pillai480@bangaloremail.com
481,Neha Chauhan,+916000000481,neha.chauhan481@bangaloremail.com
482,Neha Reddy,+916000000482,neha.reddy482@ahmedabadmail.com
483,Anjali Sharma,+916000000483,anjali.sharma483@punemail.com
484,Isha Bhatt,+916000000484,isha.bhatt484@ahmedabadmail.com
485,Varun Patel,+916000000485,varun.patel485@punemail.com
486,Neha Singh,+916000000486,neha.singh486@punemail.com
487,,+916000000487,vikram.sharma487@chennaimail.com
488,Rajesh Chauhan,+916000000488,rajesh.chauhan488@punemail.com
489,Kavita Singh,+916000000489,kavita.singh489@bangaloremail.com
490,Rohan Malhotra,+916000000490,rohan.malhotra490@bangaloremail.com
491,Divya Nair,+916000000491,divya.nair491@chennaimail.com
492,Amit Sharma,+916000000492,amit.sharma492@mumbaimail.com
493,Sanjay Kapoor,+916000000493,sanjay.kapoor493@ahmedabadmail.com
494,Vikram Singh,+916000000494,vikram.singh494@delhimail.com
495,Divya Sharma,+916000000495,divya.sharma495@bangaloremail.com
496,Aditya Mehta,+916000000496,aditya.mehta496@ahmedabadmail.com
497,Ananya Agarwal,+916000000497,ananya.agarwal497@mumbaimail.com
498,Rahul Reddy,+916000000498,rahul.reddy498@chennaimail.com
499,Swati Joshi,+916000000499,swati.joshi499@delhimail.com
500,Shreya Sharma,+916000000500,shreya.sharma500@ahmedabadmail.com
501,Ritu Desai,+916000000501,ritu.desai501@bangaloremail.com
502,Sanjay Bhatt,+916000000502,sanjay.bhatt502@bangaloremail.com
503,Ananya Nair,+916000000503,ananya.nair503@chennaimail.com
504,Rajesh Reddy,+916000000504,rajesh.reddy504@chennaimail.com
505,Aditya Verma,+916000000505,aditya.verma505@punemail.com
506,Pallavi Rao,+916000000506,pallavi.rao506@bangaloremail.com
507,Aditya Desai,+916000000507,aditya.desai507@mumbaimail.com
508,Gaurav Malhotra,+916000000508,gaurav.malhotra508@bangaloremail.com
509,Sanjay Kapoor,+916000000509,sanjay.kapoor509@bangaloremail.com
510,Swati Reddy,+916000000510,swati.reddy510@bangaloremail.com
511,Vikram Reddy,+916000000511,vikram.reddy511@punemail.com
512,Nisha Desai,+916000000512,nisha.desai512@punemail.com
513,Aditya Joshi,+916000000513,aditya.joshi513@chennaimail.com
514,Sanjay Nair,+916000000514,sanjay.nair514@chennaimail.com
515,Shreya Kapoor,+916000000515,shreya.kapoor515@delhimail.com
516,Isha Chauhan,+916000000516,isha.chauhan516@mumbaimail.com
517,Manish Pillai,+916000000517,manish.pillai517@bangaloremail.com
518,Ritu Pillai,+916000000518,ritu.pillai518@ahmedabadmail.com
519,Shreya Chauhan,+916000000519,shreya.chauhan519@punemail.com
520,Pallavi Chauhan,+916000000520,pallavi.chauhan520@delhimail.com
521,Nisha Iyer,+916000000521,nisha.iyer521@delhimail.com
522,Sneha Kumar,+916000000522,sneha.kumar522@delhimail.com
523,Gaurav Shah,+916000000523,gaurav.shah523@punemail.com
524,Nikhil Verma,+916000000524,nikhil.verma524@mumbaimail.com
525,Nikhil Mehta,+916000000525,nikhil.mehta525@chennaimail.com
526,Ritu Iyer,+916000000526,ritu.iyer526@delhimail.com
527,Nisha Shah,+916000000527,nisha.shah527@delhimail.com
528,Kavita Joshi,+916000000528,kavita.joshi528@bangaloremail.com
529,Deepak Mehta,+916000000529,deepak.mehta529@delhimail.com
530,Varun Nair,+916000000530,varun.nair530@mumbaimail.com
531,Ritu Malhotra,+916000000531,ritu.malhotra531@delhimail.com
532,Shreya Joshi,+916000000532,shreya.joshi532@punemail.com
533,Manish Kapoor,+916000000533,manish.kapoor533@chennaimail.com
534,Arjun Patel,+916000000534,arjun.patel534@ahmedabadmail.com
535,Amit Pillai,+916000000535,amit.pillai535@chennaimail.com
536,Rahul Rao,+916000000536,rahul.rao536@punemail.com
537,Neha Kumar,+916000000537,neha.kumar537@punemail.com
538,Swati Agarwal,+916000000538,swati.agarwal538@delhimail.com
539,Nikhil Desai,+916000000539,nikhil.desai539@bangaloremail.com
540,Nikhil Rao,+916000000540,nikhil.rao540@ahmedabadmail.com
541,Ritu Singh,+916000000541,ritu.singh541@chennaimail.com
542,Rajesh Malhotra,+916000000542,rajesh.malhotra542@punemail.com
543,Nikhil Agarwal,+916000000543,nikhil.agarwal543@ahmedabadmail.com
544,Priya Reddy,+916000000544,priya.reddy544@chennaimail.com
545,Gaurav Singh,+916000000545,gaurav.singh545@mumbaimail.com
546,Anjali Nair,+916000000546,anjali.nair546@ahmedabadmail.com
547,Ritu Iyer,+916000000547,ritu.iyer547@ahmedabadmail.com
548,Deepak Kapoor,+916000000548,deepak.kapoor548@bangaloremail.com
549,Priya Reddy,+916000000549,priya.reddy549@mumbaimail.com
550,Rajesh Bhatt,+916000000550,rajesh.bhatt550@punemail.com
551,,+916000000551,gaurav.pillai551@mumbaimail.com
552,Suresh Iyer,+916000000552,suresh.iyer552@delhimail.com
553,Anjali Malhotra,+916000000553,anjali.malhotra553@delhimail.com
554,Rohan Gupta,+916000000554,rohan.gupta554@mumbaimail.com
555,Nikhil Desai,+916000000555,nikhil.desai555@bangaloremail.com
556,Gaurav Malhotra,+916000000556,gaurav.malhotra556@ahmedabadmail.com
557,Vikram Kumar,+916000000557,vikram.kumar557@delhimail.com
558,Manish Singh,+916000000558,manish.singh558@bangaloremail.com
559,Amit Kapoor,+916000000559,amit.kapoor559@mumbaimail.com
560,Sneha Rao,+916000000560,sneha.rao560@mumbaimail.com
561,Rahul Chauhan,+916000000561,rahul.chauhan561@chennaimail.com
562,Suresh Desai,+916000000562,suresh.desai562@ahmedabadmail.com
563,Nisha Verma,+916000000563,nisha.verma563@punemail.com
564,Swati Singh,+916000000564,swati.singh564@mumbaimail.com
565,Kavita Mehta,+916000000565,kavita.mehta565@punemail.com
566,Karan Singh,+916000000566,karan.singh566@mumbaimail.com
567,Priya Rao,+916000000567,priya.rao567@mumbaimail.com
568,Shreya Rao,+916000000568,shreya.rao568@ahmedabadmail.com
569,Vikram Gupta,+916000000569,vikram.gupta569@ahmedabadmail.com
570,Rajesh Nair,+916000000570,rajesh.nair570@ahmedabadmail.com
571,Suresh Shah,+916000000571,suresh.shah571@punemail.com
572,,+916000000572,rohan.malhotra572@mumbaimail.com
573,Aditya Joshi,+916000000573,aditya.joshi573@bangaloremail.com
574,Pooja Shah,+916000000574,pooja.shah574@mumbaimail.com
575,Vikram Nair,+916000000575,vikram.nair575@ahmedabadmail.com
576,Swati Joshi,+916000000576,swati.joshi576@punemail.com
577,Anjali Nair,+916000000577,anjali.nair577@chennaimail.com
578,Gaurav Mehta,+916000000578,gaurav.mehta578@chennaimail.com
579,Pallavi Bhatt,+916000000579,pallavi.bhatt579@ahmedabadmail.com
580,Rajesh Patel,+916000000580,rajesh.patel580@mumbaimail.com
581,Anjali Iyer,+916000000581,anjali.iyer581@delhimail.com
582,Meera Pillai,+916000000582,meera.pillai582@ahmedabadmail.com
583,Sanjay Singh,+916000000583,sanjay.singh583@delhimail.com
584,Nisha Kumar,+916000000584,nisha.kumar584@chennaimail.com
585,Gaurav Reddy,+916000000585,gaurav.reddy585@chennaimail.com
586,Neha Singh,+916000000586,neha.singh586@ahmedabadmail.com
587,Deepak Kapoor,+916000000587,deepak.kapoor587@mumbaimail.com
588,Rohan Nair,+916000000588,rohan.nair588@delhimail.com
589,Karan Malhotra,+916000000589,karan.malhotra589@ahmedabadmail.com
590,Sanjay Shah,+916000000590,sanjay.shah590@punemail.com
591,Meera Kapoor,+916000000591,meera.kapoor591@ahmedabadmail.com
592,Pooja Sharma,+916000000592,pooja.sharma592@chennaimail.com
593,Anjali Bhatt,+916000000593,anjali.bhatt593@mumbaimail.com
594,Priya Gupta,+916000000594,priya.gupta594@ahmedabadmail.com
595,Rohan Reddy,+916000000595,rohan.reddy595@chennaimail.com
596,Ananya Gupta,+916000000596,ananya.gupta596@punemail.com
597,Shreya Verma,+916000000597,shreya.verma597@ahmedabadmail.com
598,Amit Kumar,+916000000598,amit.kumar598@bangaloremail.com
599,Divya Verma,+916000000599,divya.verma599@chennaimail.com
600,Neha Pillai,+916000000600,neha.pillai600@delhimail.com
601,Nisha Agarwal,+916000000601,nisha.agarwal601@mumbaimail.com
602,Ritu Sharma,+916000000602,ritu.sharma602@ahmedabadmail.com
603,Rahul Rao,+916000000603,rahul.rao603@delhimail.com
604,Neha Shah,+916000000604,neha.shah604@bangaloremail.com
605,Swati Sharma,+916000000605,swati.sharma605@delhimail.com
606,Kavita Sharma,+916000000606,kavita.sharma606@ahmedabadmail.com
607,Aditya Desai,+916000000607,aditya.desai607@mumbaimail.com
608,Pooja Agarwal,+916000000608,pooja.agarwal608@ahmedabadmail.com
609,Sanjay Agarwal,+916000000609,sanjay.agarwal609@bangaloremail.com
610,Rajesh Kumar,+916000000610,rajesh.kumar610@punemail.com
611,Divya Rao,+916000000611,divya.rao611@mumbaimail.com
612,Nisha Agarwal,+916000000612,nisha.agarwal612@mumbaimail.com
613,Rajesh Desai,+916000000613,rajesh.desai613@chennaimail.com
614,Ananya Sharma,+916000000614,ananya.sharma614@ahmedabadmail.com
615,,+916000000615,meera.sharma615@mumbaimail.com
616,Swati Desai,+916000000616,swati.desai616@bangaloremail.com
617,Meera Kapoor,+916000000617,meera.kapoor617@mumbaimail.com
618,Deepak Sharma,+916000000618,deepak.sharma618@delhimail.com
619,Anjali Rao,+916000000619,anjali.rao619@bangaloremail.com
620,Arjun Singh,+916000000620,arjun.singh620@delhimail.com
621,Amit Agarwal,+916000000621,amit.agarwal621@bangaloremail.com
622,Amit Nair,+916000000622,amit.nair622@ahmedabadmail.com
623,Manish Kumar,+916000000623,manish.kumar623@ahmedabadmail.com
624,Nikhil Singh,+916000000624,nikhil.singh624@ahmedabadmail.com
625,Nikhil Shah,+916000000625,nikhil.shah625@ahmedabadmail.com
626,Sneha Rao,+916000000626,sneha.rao626@chennaimail.com
627,Amit Mehta,+916000000627,amit.mehta627@mumbaimail.com
628,Isha Kumar,+916000000628,isha.kumar628@ahmedabadmail.com
629,Arjun Bhatt,+916000000629,arjun.bhatt629@punemail.com
630,Nisha Sharma,+916000000630,nisha.sharma630@mumbaimail.com
631,Varun Joshi,+916000000631,varun.joshi631@bangaloremail.com
632,Swati Mehta,+916000000632,swati.mehta632@delhimail.com
633,Sneha Kumar,+916000000633,sneha.kumar633@bangaloremail.com
634,Swati Nair,+916000000634,swati.nair634@delhimail.com
635,Rajesh Kumar,+916000000635,rajesh.kumar635@chennaimail.com
636,Pooja Gupta,+916000000636,pooja.gupta636@ahmedabadmail.com
637,Varun Iyer,+916000000637,varun.iyer637@punemail.com
638,Swati Gupta,+916000000638,swati.gupta638@punemail.com
639,Sneha Singh,+916000000639,sneha.singh639@chennaimail.com
640,Vikram Patel,+916000000640,vikram.patel640@ahmedabadmail.com
641,Isha Bhatt,+916000000641,isha.bhatt641@delhimail.com
642,Rajesh Agarwal,+916000000642,rajesh.agarwal642@ahmedabadmail.com
643,Aditya Mehta,+916000000643,aditya.mehta643@ahmedabadmail.com
644,Aditya Iyer,+916000000644,aditya.iyer644@delhimail.com
645,Ritu Joshi,+916000000645,ritu.joshi645@delhimail.com
646,Rahul Verma,+916000000646,rahul.verma646@chennaimail.com
647,Gaurav Shah,+916000000647,gaurav.shah647@delhimail.com
648,Rajesh Bhatt,+916000000648,rajesh.bhatt648@delhimail.com
649,Priya Verma,+916000000649,priya.verma649@punemail.com
650,Gaurav Agarwal,+916000000650,gaurav.agarwal650@delhimail.com
651,Pallavi Patel,+916000000651,pallavi.patel651@chennaimail.com
652,,+916000000652,sneha.chauhan652@mumbaimail.com
653,Amit Kumar,+916000000653,amit.kumar653@punemail.com
654,Neha Verma,+916000000654,neha.verma654@delhimail.com
655,Kavita Joshi,+916000000655,kavita.joshi655@mumbaimail.com
656,Karan Pillai,+916000000656,karan.pillai656@bangaloremail.com
657,Rajesh Shah,+916000000657,rajesh.shah657@mumbaimail.com
658,Rajesh Shah,+916000000658,rajesh.shah658@punemail.com
659,Nikhil Patel,+916000000659,nikhil.patel659@mumbaimail.com
660,Ritu Gupta,+916000000660,ritu.gupta660@punemail.com
661,Neha Malhotra,+916000000661,neha.malhotra661@mumbaimail.com
662,Karan Reddy,+916000000662,karan.reddy662@punemail.com
663,Sneha Nair,+916000000663,sneha.nair663@chennaimail.com
664,Rajesh Desai,+916000000664,rajesh.desai664@punemail.com
665,Karan Reddy,+916000000665,not-an-email
666,Deepak Chauhan,+916000000666,deepak.chauhan666@delhimail.com
667,Sneha Mehta,+916000000667,sneha.mehta667@mumbaimail.com
668,Divya Verma,+916000000668,divya.verma668@punemail.com
669,Vikram Kumar,+916000000669,vikram.kumar669@bangaloremail.com
670,Divya Malhotra,+916000000670,divya.malhotra670@bangaloremail.com
671,Ananya Sharma,+916000000671,ananya.sharma671@chennaimail.com
672,Deepak Gupta,+916000000672,deepak.gupta672@bangaloremail.com
673,Pallavi Mehta,+916000000673,pallavi.mehta673@mumbaimail.com
674,Nikhil Chauhan,+916000000674,nikhil.chauhan674@mumbaimail.com
675,Meera Bhatt,+916000000675,meera.bhatt675@punemail.com
676,Amit Pillai,+916000000676,amit.pillai676@ahmedabadmail.com
677,Rajesh Joshi,+916000000677,rajesh.joshi677@bangaloremail.com
678,Isha Chauhan,+916000000678,isha.chauhan678@punemail.com
679,Karan Nair,invalid-phone,karan.nair679@mumbaimail.com
680,Varun Nair,+916000000680,varun.nair680@bangaloremail.com
681,Gaurav Mehta,+916000000681,gaurav.mehta681@punemail.com
682,Sanjay Chauhan,+916000000682,sanjay.chauhan682@delhimail.com
683,Rajesh Joshi,+916000000683,rajesh.joshi683@ahmedabadmail.com
684,Sneha Rao,+916000000684,sneha.rao684@mumbaimail.com
685,Karan Malhotra,+916000000685,karan.malhotra685@ahmedabadmail.com
686,Divya Singh,+916000000686,divya.singh686@delhimail.com
687,Neha Bhatt,+916000000687,neha.bhatt687@mumbaimail.com
688,Sanjay Rao,+916000000688,sanjay.rao688@delhimail.com
689,Nisha Bhatt,+916000000689,nisha.bhatt689@delhimail.com
690,Pooja Desai,+916000000690,pooja.desai690@bangaloremail.com
691,Sneha Rao,+916000000691,sneha.rao691@chennaimail.com
692,Isha Iyer,+916000000692,isha.iyer692@punemail.com
693,Anjali Iyer,+916000000693,anjali.iyer693@mumbaimail.com
694,Arjun Singh,+916000000694,arjun.singh694@delhimail.com
695,Vikram Bhatt,+916000000695,vikram.bhatt695@chennaimail.com
696,Kavita Sharma,+916000000696,kavita.sharma696@ahmedabadmail.com
697,Neha Desai,+916000000697,neha.desai697@bangaloremail.com
698,Neha Rao,+916000000698,neha.rao698@delhimail.com
699,Pooja Sharma,+916000000699,pooja.sharma699@bangaloremail.com
700,Rahul Chauhan,+916000000700,rahul.chauhan700@mumbaimail.com
701,Ananya Reddy,+916000000701,ananya.reddy701@mumbaimail.com
702,Ananya Kumar,+916000000702,ananya.kumar702@ahmedabadmail.com
703,Nikhil Malhotra,+916000000703,nikhil.malhotra703@chennaimail.com
704,Ritu Verma,+916000000704,ritu.verma704@bangaloremail.com
705,Shreya Kumar,+916000000705,shreya.kumar705@chennaimail.com
706,Amit Patel,+916000000706,amit.patel706@punemail.com
707,Amit Sharma,+916000000707,amit.sharma707@ahmedabadmail.com
708,Suresh Sharma,+916000000708,suresh.sharma708@punemail.com
709,Priya Agarwal,+916000000709,priya.agarwal709@punemail.com
710,Arjun Rao,+916000000710,arjun.rao710@delhimail.com
711,Kavita Iyer,+916000000711,kavita.iyer711@bangaloremail.com
712,Pallavi Kapoor,+916000000712,pallavi.kapoor712@chennaimail.com
713,Ananya Gupta,+916000000713,ananya.gupta713@punemail.com
714,Pallavi Gupta,+916000000714,pallavi.gupta714@ahmedabadmail.com
715,Amit Bhatt,+916000000715,amit.bhatt715@chennaimail.com
716,Sneha Shah,+916000000716,sneha.shah716@punemail.com
717,Rahul Patel,+916000000717,rahul.patel717@bangaloremail.com
718,Neha Reddy,+916000000718,neha.reddy718@chennaimail.com
719,Ritu Mehta,+916000000719,ritu.mehta719@delhimail.com
720,Manish Shah,+916000000720,manish.shah720@mumbaimail.com
721,Sanjay Bhatt,+916000000721,sanjay.bhatt721@punemail.com
722,Isha Kumar,+916000000722,isha.kumar722@chennaimail.com
723,Gaurav Sharma,+916000000723,gaurav.sharma723@bangaloremail.com
724,Nisha Bhatt,+916000000724,nisha.bhatt724@delhimail.com
725,Deepak Shah,+916000000725,deepak.shah725@punemail.com
726,Karan Gupta,+916000000726,karan.gupta726@bangaloremail.com
727,Ananya Sharma,+916000000727,ananya.sharma727@bangaloremail.com
728,Nisha Nair,+916000000728,nisha.nair728@mumbaimail.com
729,Arjun Reddy,+916000000729,arjun.reddy729@ahmedabadmail.com
730,Neha Rao,+916000000730,neha.rao730@mumbaimail.com
731,Pooja Singh,+916000000731,pooja.singh731@ahmedabadmail.com
732,Ananya Bhatt,+916000000732,ananya.bhatt732@bangaloremail.com
733,Divya Shah,+916000000733,divya.shah733@delhimail.com
734,Rahul Singh,+916000000734,rahul.singh734@punemail.com
735,Suresh Mehta,+916000000735,suresh.mehta735@chennaimail.com
736,Varun Joshi,+916000000736,varun.joshi736@mumbaimail.com
737,Sanjay Malhotra,+916000000737,sanjay.malhotra737@delhimail.com
738,Rahul Malhotra,+916000000738,rahul.malhotra738@mumbaimail.com
739,Kavita Joshi,+916000000739,kavita.joshi739@bangaloremail.com
740,Gaurav Desai,+916000000740,gaurav.desai740@chennaimail.com
741,Varun Joshi,+916000000741,varun.joshi741@ahmedabadmail.com
742,Manish Joshi,+916000000742,manish.joshi742@punemail.com
743,Amit Chauhan,+916000000743,amit.chauhan743@chennaimail.com
744,Amit Pillai,+916000000744,amit.pillai744@delhimail.com
745,Kavita Kapoor,+916000000745,kavita.kapoor745@bangaloremail.com
746,Ritu Joshi,+916000000746,ritu.joshi746@chennaimail.com
747,Arjun Gupta,+916000000747,arjun.gupta747@ahmedabadmail.com
748,Gaurav Sharma,+916000000748,gaurav.sharma748@ahmedabadmail.com
749,Anjali Sharma,+916000000749,anjali.sharma749@mumbaimail.com
750,Rajesh Patel,+916000000750,rajesh.patel750@ahmedabadmail.com
751,Pallavi Agarwal,+916000000751,pallavi.agarwal751@delhimail.com
752,Vikram Pillai,+916000000752,vikram.pillai752@ahmedabadmail.com
753,Amit Singh,+916000000753,amit.singh753@chennaimail.com
754,Suresh Reddy,+916000000754,suresh.reddy754@ahmedabadmail.com
755,Nikhil Mehta,+916000000755,nikhil.mehta755@mumbaimail.com
756,Varun Gupta,+916000000756,varun.gupta756@delhimail.com
757,Sneha Bhatt,+916000000757,not-an-email
758,Meera Rao,+916000000758,meera.rao758@chennaimail.com
759,Rajesh Patel,+916000000759,rajesh.patel759@chennaimail.com
760,Divya Patel,+916000000760,divya.patel760@bangaloremail.com
761,Aditya Iyer,+916000000761,aditya.iyer761@ahmedabadmail.com
762,Sneha Kumar,+916000000762,sneha.kumar762@bangaloremail.com
763,Rajesh Pillai,+916000000763,rajesh.pillai763@delhimail.com
764,Sanjay Malhotra,+916000000764,sanjay.malhotra764@ahmedabadmail.com
765,Suresh Gupta,+916000000765,suresh.gupta765@mumbaimail.com
766,Rohan Shah,+916000000766,rohan.shah766@bangaloremail.com
767,Priya Kapoor,+916000000767,priya.kapoor767@punemail.com
768,Amit Kumar,+916000000768,amit.kumar768@punemail.com
769,Isha Singh,+916000000769,isha.singh769@delhimail.com
770,Arjun Mehta,+916000000770,arjun.mehta770@delhimail.com
771,Karan Nair,+916000000771,karan.nair771@ahmedabadmail.com
772,Nisha Kumar,+916000000772,nisha.kumar772@delhimail.com
773,Rahul Verma,+916000000773,rahul.verma773@mumbaimail.com
774,Gaurav Singh,+916000000774,gaurav.singh774@ahmedabadmail.com
775,Swati Sharma,+916000000775,swati.sharma775@punemail.com
776,Nisha Malhotra,+916000000776,nisha.malhotra776@mumbaimail.com
777,Anjali Malhotra,+916000000777,anjali.malhotra777@ahmedabadmail.com
778,Gaurav Nair,+916000000778,gaurav.nair778@ahmedabadmail.com
779,Kavita Agarwal,+916000000779,kavita.agarwal779@ahmedabadmail.com
780,Isha Bhatt,+916000000780,isha.bhatt780@bangaloremail.com
781,Neha Joshi,+916000000781,neha.joshi781@delhimail.com
782,Meera Shah,invalid-phone,meera.shah782@punemail.com
783,Neha Bhatt,+916000000783,neha.bhatt783@ahmedabadmail.com
784,Swati Shah,+916000000784,swati.shah784@chennaimail.com
785,Meera Nair,+916000000785,meera.nair785@bangaloremail.com
786,Priya Pillai,+916000000786,priya.pillai786@bangaloremail.com
787,Swati Patel,+916000000787,swati.patel787@delhimail.com
788,Rohan Chauhan,+916000000788,rohan.chauhan788@ahmedabadmail.com
789,Rohan Sharma,+916000000789,rohan.sharma789@ahmedabadmail.com
790,Nisha Reddy,+916000000790,nisha.reddy790@punemail.com
791,Sanjay Patel,+916000000791,sanjay.patel791@delhimail.com
792,Rahul Patel,+916000000792,rahul.patel792@punemail.com
793,Sanjay Iyer,+916000000793,sanjay.iyer793@bangaloremail.com
794,Rohan Malhotra,+916000000794,rohan.malhotra794@delhimail.com
795,Suresh Gupta,+916000000795,suresh.gupta795@ahmedabadmail.com
796,Meera Desai,+916000000796,meera.desai796@mumbaimail.com
797,Vikram Rao,+916000000797,vikram.rao797@ahmedabadmail.com
798,Gaurav Pillai,+916000000798,gaurav.pillai798@mumbaimail.com
799,Isha Kumar,+916000000799,isha.kumar799@punemail.com
800,Aditya Sharma,+916000000800,aditya.sharma800@mumbaimail.com
801,Kavita Malhotra,+916000000801,kavita.malhotra801@bangaloremail.com
802,Priya Malhotra,+916000000802,priya.malhotra802@bangaloremail.com
803,Swati Gupta,+916000000803,swati.gupta803@delhimail.com
804,Kavita Agarwal,+916000000804,kavita.agarwal804@bangaloremail.com
805,Kavita Agarwal,+916000000805,kavita.agarwal805@ahmedabadmail.com
806,Aditya Agarwal,+916000000806,aditya.agarwal806@ahmedabadmail.com
807,Nikhil Gupta,+916000000807,nikhil.gupta807@chennaimail.com
808,Nikhil Nair,+916000000808,nikhil.nair808@punemail.com
809,Varun Mehta,+916000000809,varun.mehta809@mumbaimail.com
810,Deepak Shah,+916000000810,deepak.shah810@punemail.com
811,Shreya Rao,+916000000811,shreya.rao811@punemail.com
812,,+916000000812,deepak.agarwal812@bangaloremail.com
813,Karan Kapoor,+916000000813,karan.kapoor813@chennaimail.com
814,Ananya Shah,+916000000814,ananya.shah814@ahmedabadmail.com
815,Aditya Mehta,+916000000815,aditya.mehta815@ahmedabadmail.com
816,Aditya Bhatt,+916000000816,aditya.bhatt816@bangaloremail.com
817,Divya Bhatt,+916000000817,divya.bhatt817@delhimail.com
818,Pooja Pillai,+916000000818,pooja.pillai818@delhimail.com
819,Suresh Iyer,+916000000819,suresh.iyer819@chennaimail.com
820,Deepak Chauhan,+916000000820,deepak.chauhan820@delhimail.com
821,Kavita Kapoor,+916000000821,kavita.kapoor821@mumbaimail.com
822,Nisha Iyer,+916000000822,nisha.iyer822@chennaimail.com
823,Kavita Patel,+916000000823,kavita.patel823@ahmedabadmail.com
824,Neha Sharma,+916000000824,neha.sharma824@punemail.com
825,Neha Verma,+916000000825,neha.verma825@punemail.com
826,Divya Chauhan,+916000000826,divya.chauhan826@punemail.com
827,Kavita Pillai,+916000000827,kavita.pillai827@chennaimail.com
828,Ananya Kumar,+916000000828,ananya.kumar828@delhimail.com
829,Priya Bhatt,+916000000829,priya.bhatt829@chennaimail.com
830,Anjali Patel,+916000000830,anjali.patel830@bangaloremail.com
831,Divya Reddy,+916000000831,divya.reddy831@delhimail.com
832,Rahul Joshi,+916000000832,rahul.joshi832@delhimail.com
833,Karan Iyer,+916000000833,karan.iyer833@ahmedabadmail.com
834,Sneha Bhatt,+916000000834,sneha.bhatt834@mumbaimail.com
835,Priya Shah,+916000000835,priya.shah835@punemail.com
836,Manish Iyer,+916000000836,manish.iyer836@chennaimail.com
837,Rajesh Reddy,invalid-phone,rajesh.reddy837@bangaloremail.com
838,Varun Rao,+916000000838,varun.rao838@bangaloremail.com
839,Isha Mehta,+916000000839,isha.mehta839@chennaimail.com
840,Meera Joshi,+916000000840,meera.joshi840@chennaimail.com
841,Priya Mehta,+916000000841,priya.mehta841@bangaloremail.com
842,Rohan Iyer,+916000000842,rohan.iyer842@delhimail.com
843,Neha Bhatt,+916000000843,neha.bhatt843@delhimail.com
844,Arjun Gupta,+916000000844,arjun.gupta844@mumbaimail.com
845,Aditya Iyer,+916000000845,aditya.iyer845@chennaimail.com
846,Neha Reddy,+916000000846,neha.reddy846@punemail.com
847,Rajesh Mehta,+916000000847,rajesh.mehta847@bangaloremail.com
848,Ananya Patel,+916000000848,ananya.patel848@ahmedabadmail.com
849,Sneha Joshi,+916000000849,sneha.joshi849@bangaloremail.com
850,Deepak Agarwal,+916000000850,deepak.agarwal850@bangaloremail.com
851,Vikram Singh,+916000000851,vikram.singh851@bangaloremail.com
852,Anjali Kapoor,+916000000852,anjali.kapoor852@chennaimail.com
853,Rajesh Kapoor,+916000000853,rajesh.kapoor853@punemail.com
854,Deepak Nair,+916000000854,deepak.nair854@punemail.com
855,Nikhil Iyer,+916000000855,nikhil.iyer855@delhimail.com
856,Nisha Reddy,+916000000856,nisha.reddy856@mumbaimail.com
857,Shreya Kapoor,+916000000857,shreya.kapoor857@ahmedabadmail.com
858,Ritu Agarwal,+916000000858,ritu.agarwal858@mumbaimail.com
859,Kavita Patel,+916000000859,kavita.patel859@punemail.com
860,Pallavi Bhatt,+916000000860,pallavi.bhatt860@mumbaimail.com
861,Vikram Joshi,+916000000861,vikram.joshi861@delhimail.com
862,Nikhil Chauhan,+916000000862,nikhil.chauhan862@ahmedabadmail.com
863,Suresh Malhotra,+916000000863,suresh.malhotra863@punemail.com
864,Arjun Bhatt,+916000000864,arjun.bhatt864@chennaimail.com
865,Rohan Iyer,+916000000865,rohan.iyer865@mumbaimail.com
866,Kavita Gupta,+916000000866,kavita.gupta866@bangaloremail.com
867,Shreya Rao,+916000000867,shreya.rao867@delhimail.com
868,Suresh Iyer,+916000000868,suresh.iyer868@delhimail.com
869,Vikram Kumar,+916000000869,vikram.kumar869@chennaimail.com
870,Neha Kumar,+916000000870,neha.kumar870@ahmedabadmail.com
871,Anjali Kumar,+916000000871,anjali.kumar871@delhimail.com
872,Anjali Agarwal,+916000000872,anjali.agarwal872@chennaimail.com
873,Sneha Kumar,+916000000873,sneha.kumar873@delhimail.com
874,Ritu Singh,+916000000874,ritu.singh874@bangaloremail.com
875,Gaurav Pillai,+916000000875,gaurav.pillai875@mumbaimail.com
876,Shreya Nair,+916000000876,shreya.nair876@delhimail.com
877,Suresh Verma,+916000000877,suresh.verma877@mumbaimail.com
878,Isha Shah,+916000000878,isha.shah878@mumbaimail.com
879,Meera Kapoor,+916000000879,meera.kapoor879@mumbaimail.com
880,Neha Gupta,+916000000880,neha.gupta880@delhimail.com
881,Manish Chauhan,+916000000881,manish.chauhan881@chennaimail.com
882,Isha Shah,+916000000882,isha.shah882@delhimail.com
883,Rahul Agarwal,+916000000883,rahul.agarwal883@chennaimail.com
884,Sneha Agarwal,+916000000884,sneha.agarwal884@delhimail.com
885,Amit Singh,+916000000885,amit.singh885@ahmedabadmail.com
886,Neha Joshi,+916000000886,neha.joshi886@punemail.com
887,Varun Pillai,+916000000887,varun.pillai887@delhimail.com
888,Varun Reddy,+916000000888,varun.reddy888@delhimail.com
889,Priya Sharma,+916000000889,priya.sharma889@ahmedabadmail.com
890,Neha Sharma,+916000000890,neha.sharma890@punemail.com
891,Shreya Rao,+916000000891,shreya.rao891@delhimail.com
892,Sneha Verma,+916000000892,sneha.verma892@mumbaimail.com
893,Pooja Nair,invalid-phone,pooja.nair893@delhimail.com
894,Ananya Singh,+916000000894,ananya.singh894@mumbaimail.com
895,Swati Reddy,+916000000895,swati.reddy895@ahmedabadmail.com
896,Arjun Chauhan,+916000000896,arjun.chauhan896@chennaimail.com
897,Shreya Verma,+916000000897,shreya.verma897@delhimail.com
898,Suresh Reddy,+916000000898,suresh.reddy898@delhimail.com
899,Aditya Nair,+916000000899,aditya.nair899@mumbaimail.com
900,Pooja Nair,invalid-phone,pooja.nair900@mumbaimail.com
901,Kavita Chauhan,+916000000901,kavita.chauhan901@punemail.com
902,Divya Agarwal,+916000000902,divya.agarwal902@mumbaimail.com
903,Sanjay Iyer,+916000000903,sanjay.iyer903@chennaimail.com
904,Nisha Mehta,+916000000904,nisha.mehta904@punemail.com
905,Sanjay Patel,+916000000905,sanjay.patel905@mumbaimail.com
906,Gaurav Kapoor,+916000000906,gaurav.kapoor906@bangaloremail.com
907,Anjali Shah,+916000000907,anjali.shah907@chennaimail.com
908,Rohan Rao,+916000000908,rohan.rao908@bangaloremail.com
909,Varun Desai,+916000000909,varun.desai909@mumbaimail.com
910,Nikhil Joshi,+916000000910,nikhil.joshi910@delhimail.com
911,Meera Bhatt,+916000000911,meera.bhatt911@chennaimail.com
912,Pallavi Shah,+916000000912,pallavi.shah912@delhimail.com
913,Deepak Malhotra,+916000000913,deepak.malhotra913@mumbaimail.com
914,Deepak Nair,+916000000914,deepak.nair914@bangaloremail.com
915,Vikram Shah,+916000000915,vikram.shah915@bangaloremail.com
916,Sneha Iyer,+916000000916,sneha.iyer916@ahmedabadmail.com
917,Sanjay Agarwal,+916000000917,sanjay.agarwal917@ahmedabadmail.com
918,Divya Reddy,+916000000918,divya.reddy918@ahmedabadmail.com
919,Deepak Patel,+916000000919,deepak.patel919@bangaloremail.com
920,Rohan Iyer,+916000000920,rohan.iyer920@delhimail.com
921,Shreya Kumar,+916000000921,shreya.kumar921@chennaimail.com
922,Karan Kapoor,+916000000922,karan.kapoor922@mumbaimail.com
923,Neha Desai,+916000000923,neha.desai923@mumbaimail.com
924,Shreya Rao,+916000000924,shreya.rao924@ahmedabadmail.com
925,Sanjay Joshi,+916000000925,sanjay.joshi925@mumbaimail.com
926,Amit Kumar,+916000000926,amit.kumar926@chennaimail.com
927,Gaurav Verma,+916000000927,gaurav.verma927@punemail.com
928,Ritu Desai,+916000000928,ritu.desai928@mumbaimail.com
929,Priya Singh,+916000000929,priya.singh929@punemail.com
930,Sneha Chauhan,+916000000930,sneha.chauhan930@mumbaimail.com
931,Ritu Verma,+916000000931,ritu.verma931@mumbaimail.com
932,Vikram Singh,+916000000932,vikram.singh932@bangaloremail.com
933,Nisha Shah,+916000000933,nisha.shah933@bangaloremail.com
934,Aditya Agarwal,+916000000934,aditya.agarwal934@punemail.com
935,Sneha Malhotra,+916000000935,sneha.malhotra935@bangaloremail.com
936,Vikram Reddy,+916000000936,vikram.reddy936@chennaimail.com
937,Gaurav Singh,+916000000937,gaurav.singh937@bangaloremail.com
938,Isha Bhatt,+916000000938,isha.bhatt938@chennaimail.com
939,Priya Malhotra,+916000000939,not-an-email
940,Aditya Malhotra,+916000000940,aditya.malhotra940@chennaimail.com
941,Deepak Sharma,+916000000941,deepak.sharma941@chennaimail.com
942,Ananya Verma,+916000000942,ananya.verma942@punemail.com
943,Swati Patel,+916000000943,swati.patel943@bangaloremail.com
944,Ritu Iyer,+916000000944,ritu.iyer944@ahmedabadmail.com
945,Nisha Joshi,+916000000945,nisha.joshi945@chennaimail.com
946,Swati Singh,+916000000946,swati.singh946@bangaloremail.com
947,Karan Sharma,+916000000947,karan.sharma947@delhimail.com
948,Anjali Patel,+916000000948,anjali.patel948@punemail.com
949,Amit Desai,+916000000949,amit.desai949@mumbaimail.com
950,Manish Agarwal,+916000000950,manish.agarwal950@chennaimail.com
951,Varun Nair,+916000000951,varun.nair951@punemail.com
952,Deepak Sharma,+916000000952,deepak.sharma952@punemail.com
953,Ritu Iyer,+916000000953,ritu.iyer953@punemail.com
954,Shreya Kumar,+916000000954,shreya.kumar954@ahmedabadmail.com
955,Vikram Bhatt,+916000000955,vikram.bhatt955@ahmedabadmail.com
956,Vikram Verma,+916000000956,vikram.verma956@bangaloremail.com
957,Arjun Gupta,+916000000957,arjun.gupta957@chennaimail.com
958,Vikram Nair,+916000000958,vikram.nair958@chennaimail.com
959,Neha Mehta,+916000000959,neha.mehta959@punemail.com
960,Deepak Reddy,+916000000960,deepak.reddy960@chennaimail.com
961,Deepak Nair,+916000000961,deepak.nair961@ahmedabadmail.com
962,Ritu Nair,+916000000962,ritu.nair962@delhimail.com
963,Meera Gupta,+916000000963,meera.gupta963@punemail.com
964,Meera Agarwal,+916000000964,meera.agarwal964@ahmedabadmail.com
965,Manish Iyer,+916000000965,manish.iyer965@delhimail.com
966,Deepak Chauhan,+916000000966,deepak.chauhan966@chennaimail.com
967,Sanjay Singh,+916000000967,sanjay.singh967@delhimail.com
968,Varun Rao,+916000000968,varun.rao968@bangaloremail.com
969,Manish Kumar,+916000000969,manish.kumar969@ahmedabadmail.com
970,Varun Agarwal,invalid-phone,varun.agarwal970@chennaimail.com
971,Aditya Sharma,+916000000971,aditya.sharma971@ahmedabadmail.com
972,Rohan Verma,+916000000972,rohan.verma972@bangaloremail.com
973,Karan Reddy,+916000000973,karan.reddy973@bangaloremail.com
974,Rahul Patel,+916000000974,rahul.patel974@bangaloremail.com
975,Gaurav Kumar,+916000000975,gaurav.kumar975@punemail.com
976,Aditya Reddy,+916000000976,aditya.reddy976@delhimail.com
977,Rohan Rao,+916000000977,rohan.rao977@chennaimail.com
978,Karan Sharma,+916000000978,karan.sharma978@delhimail.com
979,Nisha Kumar,+916000000979,nisha.kumar979@chennaimail.com
980,Anjali Joshi,+916000000980,anjali.joshi980@ahmedabadmail.com
981,Ritu Mehta,+916000000981,ritu.mehta981@punemail.com
982,Anjali Malhotra,+916000000982,anjali.malhotra982@delhimail.com
983,Amit Agarwal,+916000000983,amit.agarwal983@bangaloremail.com
984,Isha Iyer,+916000000984,isha.iyer984@bangaloremail.com
985,Meera Agarwal,+916000000985,meera.agarwal985@chennaimail.com
986,Pooja Gupta,+916000000986,pooja.gupta986@mumbaimail.com
987,Varun Gupta,+916000000987,varun.gupta987@ahmedabadmail.com
988,Sneha Patel,+916000000988,sneha.patel988@chennaimail.com
989,Sneha Pillai,+916000000989,not-an-email
990,Sneha Verma,+916000000990,sneha.verma990@delhimail.com
991,Ananya Nair,+916000000991,ananya.nair991@chennaimail.com
992,Ritu Singh,+916000000992,ritu.singh992@mumbaimail.com
993,Pooja Kumar,+916000000993,pooja.kumar993@delhimail.com
994,Aditya Reddy,+916000000994,aditya.reddy994@delhimail.com
995,Shreya Kumar,+916000000995,shreya.kumar995@ahmedabadmail.com
996,Rahul Joshi,+916000000996,rahul.joshi996@ahmedabadmail.com
997,Swati Singh,+916000000997,swati.singh997@delhimail.com
998,Aditya Singh,+916000000998,aditya.singh998@delhimail.com
999,Aditya Mehta,+916000000999,aditya.mehta999@ahmedabadmail.com
1000,Rahul Joshi,+916000001000,rahul.joshi1000@ahmedabadmail.com
